FILE,LABEL,VALUE
calculation,item_type,calculation_loc
calculation,type,locator
calculation,label,loc_us-gaap_AssetsCurrent_693dc8f6-3957-4ef7-b469-3619efe08ce6
calculation,href,https://xbrl.fasb.org/us-gaap/2021/elts/us-gaap-2021-01-31.xsd#us-gaap_AssetsCurrent
calculation,item_type,calculation_loc
calculation,type,locator
calculation,label,loc_us-gaap_CashAndCashEquivalentsAtCarryingValue_2946da00-b306-417b-b5d1-deefbd43bbeb
calculation,href,https://xbrl.fasb.org/us-gaap/2021/elts/us-gaap-2021-01-31.xsd#us-gaap_CashAndCashEquivalentsAtCarryingValue
calculation,item_type,calculation_calculationArc
calculation,order,1
calculation,weight,1.0
calculation,arcrole,http://www.xbrl.org/2003/arcrole/summation-item
calculation,from,loc_us-gaap_AssetsCurrent_693dc8f6-3957-4ef7-b469-3619efe08ce6
calculation,to,loc_us-gaap_CashAndCashEquivalentsAtCarryingValue_2946da00-b306-417b-b5d1-deefbd43bbeb
calculation,type,arc
calculation,item_type,calculation_loc
calculation,type,locator
calculation,label,loc_us-gaap_AccountsReceivableNetCurrent_d84585f3-5156-4b10-a2d7-d2798c8573be
calculation,href,https://xbrl.fasb.org/us-gaap/2021/elts/us-gaap-2021-01-31.xsd#us-gaap_AccountsReceivableNetCurrent
calculation,item_type,calculation_calculationArc
calculation,order,2
calculation,weight,1.0
calculation,arcrole,http://www.xbrl.org/2003/arcrole/summation-item
calculation,from,loc_us-gaap_AssetsCurrent_693dc8f6-3957-4ef7-b469-3619efe08ce6
calculation,to,loc_us-gaap_AccountsReceivableNetCurrent_d84585f3-5156-4b10-a2d7-d2798c8573be
calculation,type,arc
calculation,item_type,calculation_loc
calculation,type,locator
calculation,label,loc_us-gaap_InventoryNet_2b427cf5-309f-4935-9728-ebe32770a9dd
calculation,href,https://xbrl.fasb.org/us-gaap/2021/elts/us-gaap-2021-01-31.xsd#us-gaap_InventoryNet
calculation,item_type,calculation_calculationArc
calculation,order,3
calculation,weight,1.0
calculation,arcrole,http://www.xbrl.org/2003/arcrole/summation-item
calculation,from,loc_us-gaap_AssetsCurrent_693dc8f6-3957-4ef7-b469-3619efe08ce6
calculation,to,loc_us-gaap_InventoryNet_2b427cf5-309f-4935-9728-ebe32770a9dd
calculation,type,arc
calculation,item_type,calculation_loc
calculation,type,locator
calculation,label,loc_us-gaap_PrepaidExpenseCurrent_ae8d606b-2330-47dd-8d1b-7158b47eacbe
calculation,href,https://xbrl.fasb.org/us-gaap/2021/elts/us-gaap-2021-01-31.xsd#us-gaap_PrepaidExpenseCurrent
calculation,item_type,calculation_calculationArc
calculation,order,4
calculation,weight,1.0
calculation,arcrole,http://www.xbrl.org/2003/arcrole/summation-item
calculation,from,loc_us-gaap_AssetsCurrent_693dc8f6-3957-4ef7-b469-3619efe08ce6
calculation,to,loc_us-gaap_PrepaidExpenseCurrent_ae8d606b-2330-47dd-8d1b-7158b47eacbe
calculation,type,arc
calculation,item_type,calculation_loc
calculation,type,locator
calculation,label,loc_us-gaap_OtherReceivables_9c3f4b66-6995-48bd-b2fb-5fd67ab580c4
calculation,href,https://xbrl.fasb.org/us-gaap/2021/elts/us-gaap-2021-01-31.xsd#us-gaap_OtherReceivables
calculation,item_type,calculation_calculationArc
calculation,order,5
calculation,weight,1.0
calculation,arcrole,http://www.xbrl.org/2003/arcrole/summation-item
calculation,from,loc_us-gaap_AssetsCurrent_693dc8f6-3957-4ef7-b469-3619efe08ce6
calculation,to,loc_us-gaap_OtherReceivables_9c3f4b66-6995-48bd-b2fb-5fd67ab580c4
calculation,type,arc
calculation,item_type,calculation_loc
calculation,type,locator
calculation,label,loc_us-gaap_OtherAssetsCurrent_54bce92a-3652-4798-98f9-87521154d456
calculation,href,https://xbrl.fasb.org/us-gaap/2021/elts/us-gaap-2021-01-31.xsd#us-gaap_OtherAssetsCurrent
calculation,item_type,calculation_calculationArc
calculation,order,6
calculation,weight,1.0
calculation,arcrole,http://www.xbrl.org/2003/arcrole/summation-item
calculation,from,loc_us-gaap_AssetsCurrent_693dc8f6-3957-4ef7-b469-3619efe08ce6
calculation,to,loc_us-gaap_OtherAssetsCurrent_54bce92a-3652-4798-98f9-87521154d456
calculation,type,arc
calculation,item_type,calculation_loc
calculation,type,locator
calculation,label,loc_us-gaap_Liabilities_5cdc586b-7863-4e74-bf61-0daa276991a9
calculation,href,https://xbrl.fasb.org/us-gaap/2021/elts/us-gaap-2021-01-31.xsd#us-gaap_Liabilities
calculation,item_type,calculation_loc
calculation,type,locator
calculation,label,loc_us-gaap_LiabilitiesCurrent_4e8365db-fbc6-4c7c-af87-67709db57212
calculation,href,https://xbrl.fasb.org/us-gaap/2021/elts/us-gaap-2021-01-31.xsd#us-gaap_LiabilitiesCurrent
calculation,item_type,calculation_calculationArc
calculation,order,1
calculation,weight,1.0
calculation,arcrole,http://www.xbrl.org/2003/arcrole/summation-item
calculation,from,loc_us-gaap_Liabilities_5cdc586b-7863-4e74-bf61-0daa276991a9
calculation,to,loc_us-gaap_LiabilitiesCurrent_4e8365db-fbc6-4c7c-af87-67709db57212
calculation,type,arc
calculation,item_type,calculation_loc
calculation,type,locator
calculation,label,loc_us-gaap_OtherLiabilitiesNoncurrent_293b615d-01a3-4336-9420-6475f9d788cf
calculation,href,https://xbrl.fasb.org/us-gaap/2021/elts/us-gaap-2021-01-31.xsd#us-gaap_OtherLiabilitiesNoncurrent
calculation,item_type,calculation_calculationArc
calculation,order,2
calculation,weight,1.0
calculation,arcrole,http://www.xbrl.org/2003/arcrole/summation-item
calculation,from,loc_us-gaap_Liabilities_5cdc586b-7863-4e74-bf61-0daa276991a9
calculation,to,loc_us-gaap_OtherLiabilitiesNoncurrent_293b615d-01a3-4336-9420-6475f9d788cf
calculation,type,arc
calculation,item_type,calculation_loc
calculation,type,locator
calculation,label,loc_us-gaap_LongTermDebt_790633f9-040a-4a95-94b1-f5e021bebad5
calculation,href,https://xbrl.fasb.org/us-gaap/2021/elts/us-gaap-2021-01-31.xsd#us-gaap_LongTermDebt
calculation,item_type,calculation_calculationArc
calculation,order,3
calculation,weight,1.0
calculation,arcrole,http://www.xbrl.org/2003/arcrole/summation-item
calculation,from,loc_us-gaap_Liabilities_5cdc586b-7863-4e74-bf61-0daa276991a9
calculation,to,loc_us-gaap_LongTermDebt_790633f9-040a-4a95-94b1-f5e021bebad5
calculation,type,arc
calculation,item_type,calculation_loc
calculation,type,locator
calculation,label,loc_us-gaap_LiabilitiesCurrent_f8bcdfac-b01c-49c5-ac7d-db20c95794ca
calculation,href,https://xbrl.fasb.org/us-gaap/2021/elts/us-gaap-2021-01-31.xsd#us-gaap_LiabilitiesCurrent
calculation,item_type,calculation_loc
calculation,type,locator
calculation,label,loc_us-gaap_AccountsPayableCurrent_e37b6956-7875-4eec-be46-e1bef49ea537
calculation,href,https://xbrl.fasb.org/us-gaap/2021/elts/us-gaap-2021-01-31.xsd#us-gaap_AccountsPayableCurrent
calculation,item_type,calculation_calculationArc
calculation,order,1
calculation,weight,1.0
calculation,arcrole,http://www.xbrl.org/2003/arcrole/summation-item
calculation,from,loc_us-gaap_LiabilitiesCurrent_f8bcdfac-b01c-49c5-ac7d-db20c95794ca
calculation,to,loc_us-gaap_AccountsPayableCurrent_e37b6956-7875-4eec-be46-e1bef49ea537
calculation,type,arc
calculation,item_type,calculation_loc
calculation,type,locator
calculation,label,loc_us-gaap_AccruedLiabilitiesCurrent_58934b6b-24a0-45e4-96a0-1bf16b89ef78
calculation,href,https://xbrl.fasb.org/us-gaap/2021/elts/us-gaap-2021-01-31.xsd#us-gaap_AccruedLiabilitiesCurrent
calculation,item_type,calculation_calculationArc
calculation,order,2
calculation,weight,1.0
calculation,arcrole,http://www.xbrl.org/2003/arcrole/summation-item
calculation,from,loc_us-gaap_LiabilitiesCurrent_f8bcdfac-b01c-49c5-ac7d-db20c95794ca
calculation,to,loc_us-gaap_AccruedLiabilitiesCurrent_58934b6b-24a0-45e4-96a0-1bf16b89ef78
calculation,type,arc
calculation,item_type,calculation_loc
calculation,type,locator
calculation,label,loc_us-gaap_LongTermDebtCurrent_10b1677b-a742-4a7e-9d48-3a5212bad917
calculation,href,https://xbrl.fasb.org/us-gaap/2021/elts/us-gaap-2021-01-31.xsd#us-gaap_LongTermDebtCurrent
calculation,item_type,calculation_calculationArc
calculation,order,3
calculation,weight,1.0
calculation,arcrole,http://www.xbrl.org/2003/arcrole/summation-item
calculation,from,loc_us-gaap_LiabilitiesCurrent_f8bcdfac-b01c-49c5-ac7d-db20c95794ca
calculation,to,loc_us-gaap_LongTermDebtCurrent_10b1677b-a742-4a7e-9d48-3a5212bad917
calculation,type,arc
calculation,item_type,calculation_loc
calculation,type,locator
calculation,label,loc_us-gaap_OtherLiabilitiesCurrent_0779cf3b-b19a-473c-8bbc-2675c5156b5d
calculation,href,https://xbrl.fasb.org/us-gaap/2021/elts/us-gaap-2021-01-31.xsd#us-gaap_OtherLiabilitiesCurrent
calculation,item_type,calculation_calculationArc
calculation,order,4
calculation,weight,1.0
calculation,arcrole,http://www.xbrl.org/2003/arcrole/summation-item
calculation,from,loc_us-gaap_LiabilitiesCurrent_f8bcdfac-b01c-49c5-ac7d-db20c95794ca
calculation,to,loc_us-gaap_OtherLiabilitiesCurrent_0779cf3b-b19a-473c-8bbc-2675c5156b5d
calculation,type,arc
calculation,item_type,calculation_loc
calculation,type,locator
calculation,label,loc_us-gaap_StockholdersEquity_d68d1867-2725-4ecd-b0e6-6bddce904f62
calculation,href,https://xbrl.fasb.org/us-gaap/2021/elts/us-gaap-2021-01-31.xsd#us-gaap_StockholdersEquity
calculation,item_type,calculation_loc
calculation,type,locator
calculation,label,loc_us-gaap_CommonStocksIncludingAdditionalPaidInCapital_0f6b274e-659c-4125-af52-7907d8341ad0
calculation,href,https://xbrl.fasb.org/us-gaap/2021/elts/us-gaap-2021-01-31.xsd#us-gaap_CommonStocksIncludingAdditionalPaidInCapital
calculation,item_type,calculation_calculationArc
calculation,order,1
calculation,weight,1.0
calculation,arcrole,http://www.xbrl.org/2003/arcrole/summation-item
calculation,from,loc_us-gaap_StockholdersEquity_d68d1867-2725-4ecd-b0e6-6bddce904f62
calculation,to,loc_us-gaap_CommonStocksIncludingAdditionalPaidInCapital_0f6b274e-659c-4125-af52-7907d8341ad0
calculation,type,arc
calculation,item_type,calculation_loc
calculation,type,locator
calculation,label,loc_us-gaap_AccumulatedOtherComprehensiveIncomeLossNetOfTax_6bb5174f-40a4-4268-87ba-2732c2d497cb
calculation,href,https://xbrl.fasb.org/us-gaap/2021/elts/us-gaap-2021-01-31.xsd#us-gaap_AccumulatedOtherComprehensiveIncomeLossNetOfTax
calculation,item_type,calculation_calculationArc
calculation,order,2
calculation,weight,1.0
calculation,arcrole,http://www.xbrl.org/2003/arcrole/summation-item
calculation,from,loc_us-gaap_StockholdersEquity_d68d1867-2725-4ecd-b0e6-6bddce904f62
calculation,to,loc_us-gaap_AccumulatedOtherComprehensiveIncomeLossNetOfTax_6bb5174f-40a4-4268-87ba-2732c2d497cb
calculation,type,arc
calculation,item_type,calculation_loc
calculation,type,locator
calculation,label,loc_us-gaap_RetainedEarningsAccumulatedDeficit_15f41609-afd8-4b73-aa75-0c88fba2deb5
calculation,href,https://xbrl.fasb.org/us-gaap/2021/elts/us-gaap-2021-01-31.xsd#us-gaap_RetainedEarningsAccumulatedDeficit
calculation,item_type,calculation_calculationArc
calculation,order,3
calculation,weight,1.0
calculation,arcrole,http://www.xbrl.org/2003/arcrole/summation-item
calculation,from,loc_us-gaap_StockholdersEquity_d68d1867-2725-4ecd-b0e6-6bddce904f62
calculation,to,loc_us-gaap_RetainedEarningsAccumulatedDeficit_15f41609-afd8-4b73-aa75-0c88fba2deb5
calculation,type,arc
calculation,item_type,calculation_loc
calculation,type,locator
calculation,label,loc_us-gaap_LiabilitiesAndStockholdersEquity_2b6b2052-e818-4208-a207-c71cce8f4eba
calculation,href,https://xbrl.fasb.org/us-gaap/2021/elts/us-gaap-2021-01-31.xsd#us-gaap_LiabilitiesAndStockholdersEquity
calculation,item_type,calculation_loc
calculation,type,locator
calculation,label,loc_us-gaap_Liabilities_4d43f274-3d92-4cc3-ac64-82418e5050b1
calculation,href,https://xbrl.fasb.org/us-gaap/2021/elts/us-gaap-2021-01-31.xsd#us-gaap_Liabilities
calculation,item_type,calculation_calculationArc
calculation,order,1
calculation,weight,1.0
calculation,arcrole,http://www.xbrl.org/2003/arcrole/summation-item
calculation,from,loc_us-gaap_LiabilitiesAndStockholdersEquity_2b6b2052-e818-4208-a207-c71cce8f4eba
calculation,to,loc_us-gaap_Liabilities_4d43f274-3d92-4cc3-ac64-82418e5050b1
calculation,type,arc
calculation,item_type,calculation_loc
calculation,type,locator
calculation,label,loc_us-gaap_StockholdersEquity_a0044eb1-9585-43a6-8f47-0317dc065685
calculation,href,https://xbrl.fasb.org/us-gaap/2021/elts/us-gaap-2021-01-31.xsd#us-gaap_StockholdersEquity
calculation,item_type,calculation_calculationArc
calculation,order,2
calculation,weight,1.0
calculation,arcrole,http://www.xbrl.org/2003/arcrole/summation-item
calculation,from,loc_us-gaap_LiabilitiesAndStockholdersEquity_2b6b2052-e818-4208-a207-c71cce8f4eba
calculation,to,loc_us-gaap_StockholdersEquity_a0044eb1-9585-43a6-8f47-0317dc065685
calculation,type,arc
calculation,item_type,calculation_loc
calculation,type,locator
calculation,label,loc_us-gaap_GrossProfit_c1bc2a14-1db4-41ce-b1f8-593f1779bc03
calculation,href,https://xbrl.fasb.org/us-gaap/2021/elts/us-gaap-2021-01-31.xsd#us-gaap_GrossProfit
calculation,item_type,calculation_loc
calculation,type,locator
calculation,label,loc_us-gaap_OperatingIncomeLoss_066008ae-ab1b-46a3-a878-55e02c9b7d2e
calculation,href,https://xbrl.fasb.org/us-gaap/2021/elts/us-gaap-2021-01-31.xsd#us-gaap_OperatingIncomeLoss
calculation,item_type,calculation_loc
calculation,type,locator
calculation,label,loc_us-gaap_GrossProfit_7be6bf5f-0bb9-4cfd-991e-daa8a623cffd
calculation,href,https://xbrl.fasb.org/us-gaap/2021/elts/us-gaap-2021-01-31.xsd#us-gaap_GrossProfit
calculation,item_type,calculation_calculationArc
calculation,order,1
calculation,weight,1.0
calculation,arcrole,http://www.xbrl.org/2003/arcrole/summation-item
calculation,from,loc_us-gaap_OperatingIncomeLoss_066008ae-ab1b-46a3-a878-55e02c9b7d2e
calculation,to,loc_us-gaap_GrossProfit_7be6bf5f-0bb9-4cfd-991e-daa8a623cffd
calculation,type,arc
calculation,item_type,calculation_loc
calculation,type,locator
calculation,label,loc_us-gaap_OperatingExpenses_9a95d8ca-b9ee-4b48-abd9-e93872a0e8a3
calculation,href,https://xbrl.fasb.org/us-gaap/2021/elts/us-gaap-2021-01-31.xsd#us-gaap_OperatingExpenses
calculation,item_type,calculation_calculationArc
calculation,order,2
calculation,weight,-1.0
calculation,arcrole,http://www.xbrl.org/2003/arcrole/summation-item
calculation,from,loc_us-gaap_OperatingIncomeLoss_066008ae-ab1b-46a3-a878-55e02c9b7d2e
calculation,to,loc_us-gaap_OperatingExpenses_9a95d8ca-b9ee-4b48-abd9-e93872a0e8a3
calculation,type,arc
calculation,item_type,calculation_loc
calculation,type,locator
calculation,label,loc_us-gaap_IncomeLossAttributableToParent_71ba5fe5-1331-4a5f-aa2a-3b8dfb674466
calculation,href,https://xbrl.fasb.org/us-gaap/2021/elts/us-gaap-2021-01-31.xsd#us-gaap_IncomeLossAttributableToParent
calculation,item_type,calculation_loc
calculation,type,locator
calculation,label,loc_us-gaap_OperatingIncomeLoss_a77f23ee-dde8-42f3-a9d0-8b02672267d3
calculation,href,https://xbrl.fasb.org/us-gaap/2021/elts/us-gaap-2021-01-31.xsd#us-gaap_OperatingIncomeLoss
calculation,item_type,calculation_calculationArc
calculation,order,1
calculation,weight,1.0
calculation,arcrole,http://www.xbrl.org/2003/arcrole/summation-item
calculation,from,loc_us-gaap_IncomeLossAttributableToParent_71ba5fe5-1331-4a5f-aa2a-3b8dfb674466
calculation,to,loc_us-gaap_OperatingIncomeLoss_a77f23ee-dde8-42f3-a9d0-8b02672267d3
calculation,type,arc
calculation,item_type,calculation_loc
calculation,type,locator
calculation,label,loc_us-gaap_InterestExpense_52445d64-b14a-435d-909b-fedfb45bd991
calculation,href,https://xbrl.fasb.org/us-gaap/2021/elts/us-gaap-2021-01-31.xsd#us-gaap_InterestExpense
calculation,item_type,calculation_calculationArc
calculation,order,2
calculation,weight,-1.0
calculation,arcrole,http://www.xbrl.org/2003/arcrole/summation-item
calculation,from,loc_us-gaap_IncomeLossAttributableToParent_71ba5fe5-1331-4a5f-aa2a-3b8dfb674466
calculation,to,loc_us-gaap_InterestExpense_52445d64-b14a-435d-909b-fedfb45bd991
calculation,type,arc
calculation,item_type,calculation_loc
calculation,type,locator
calculation,label,loc_us-gaap_OtherNonoperatingIncomeExpense_ac8dc7e0-c19c-4155-8151-0e30d5357bfa
calculation,href,https://xbrl.fasb.org/us-gaap/2021/elts/us-gaap-2021-01-31.xsd#us-gaap_OtherNonoperatingIncomeExpense
calculation,item_type,calculation_calculationArc
calculation,order,3
calculation,weight,1.0
calculation,arcrole,http://www.xbrl.org/2003/arcrole/summation-item
calculation,from,loc_us-gaap_IncomeLossAttributableToParent_71ba5fe5-1331-4a5f-aa2a-3b8dfb674466
calculation,to,loc_us-gaap_OtherNonoperatingIncomeExpense_ac8dc7e0-c19c-4155-8151-0e30d5357bfa
calculation,type,arc
calculation,item_type,calculation_loc
calculation,type,locator
calculation,label,loc_us-gaap_NetIncomeLoss_c17c0b5e-0bc6-42c3-980d-b7f6d8c99638
calculation,href,https://xbrl.fasb.org/us-gaap/2021/elts/us-gaap-2021-01-31.xsd#us-gaap_NetIncomeLoss
calculation,item_type,calculation_loc
calculation,type,locator
calculation,label,loc_us-gaap_IncomeLossAttributableToParent_b07766e1-728b-400c-8255-fa1ce7b3a9da
calculation,href,https://xbrl.fasb.org/us-gaap/2021/elts/us-gaap-2021-01-31.xsd#us-gaap_IncomeLossAttributableToParent
calculation,item_type,calculation_calculationArc
calculation,order,1
calculation,weight,1.0
calculation,arcrole,http://www.xbrl.org/2003/arcrole/summation-item
calculation,from,loc_us-gaap_NetIncomeLoss_c17c0b5e-0bc6-42c3-980d-b7f6d8c99638
calculation,to,loc_us-gaap_IncomeLossAttributableToParent_b07766e1-728b-400c-8255-fa1ce7b3a9da
calculation,type,arc
calculation,item_type,calculation_loc
calculation,type,locator
calculation,label,loc_us-gaap_IncomeTaxExpenseBenefit_328a32d4-3c5e-4c4a-a245-592f0757814d
calculation,href,https://xbrl.fasb.org/us-gaap/2021/elts/us-gaap-2021-01-31.xsd#us-gaap_IncomeTaxExpenseBenefit
calculation,item_type,calculation_calculationArc
calculation,order,2
calculation,weight,-1.0
calculation,arcrole,http://www.xbrl.org/2003/arcrole/summation-item
calculation,from,loc_us-gaap_NetIncomeLoss_c17c0b5e-0bc6-42c3-980d-b7f6d8c99638
calculation,to,loc_us-gaap_IncomeTaxExpenseBenefit_328a32d4-3c5e-4c4a-a245-592f0757814d
calculation,type,arc
calculation,item_type,calculation_loc
calculation,type,locator
calculation,label,loc_us-gaap_OperatingExpenses_b7b48613-a40f-4a0c-b574-63c333164db4
calculation,href,https://xbrl.fasb.org/us-gaap/2021/elts/us-gaap-2021-01-31.xsd#us-gaap_OperatingExpenses
calculation,item_type,calculation_loc
calculation,type,locator
calculation,label,loc_us-gaap_OtherComprehensiveIncomeLossNetOfTax_4042749f-fdfb-497e-830d-39f59bf67938
calculation,href,https://xbrl.fasb.org/us-gaap/2021/elts/us-gaap-2021-01-31.xsd#us-gaap_OtherComprehensiveIncomeLossNetOfTax
calculation,item_type,calculation_loc
calculation,type,locator
calculation,label,loc_us-gaap_OtherComprehensiveIncomeForeignCurrencyTransactionAndTranslationGainLossBeforeReclassificationAndTax_572d994a-f2c4-4700-89ad-7688ae50b62d
calculation,href,https://xbrl.fasb.org/us-gaap/2021/elts/us-gaap-2021-01-31.xsd#us-gaap_OtherComprehensiveIncomeForeignCurrencyTransactionAndTranslationGainLossBeforeReclassificationAndTax
calculation,item_type,calculation_calculationArc
calculation,order,1
calculation,weight,1.0
calculation,arcrole,http://www.xbrl.org/2003/arcrole/summation-item
calculation,from,loc_us-gaap_OtherComprehensiveIncomeLossNetOfTax_4042749f-fdfb-497e-830d-39f59bf67938
calculation,to,loc_us-gaap_OtherComprehensiveIncomeForeignCurrencyTransactionAndTranslationGainLossBeforeReclassificationAndTax_572d994a-f2c4-4700-89ad-7688ae50b62d
calculation,type,arc
calculation,item_type,calculation_loc
calculation,type,locator
calculation,label,loc_us-gaap_OtherComprehensiveIncomeLossReclassificationAdjustmentFromAOCIPensionAndOtherPostretirementBenefitPlansForNetGainLossNetOfTax_6df15bed-2505-4390-92d0-1d48613a4578
calculation,href,https://xbrl.fasb.org/us-gaap/2021/elts/us-gaap-2021-01-31.xsd#us-gaap_OtherComprehensiveIncomeLossReclassificationAdjustmentFromAOCIPensionAndOtherPostretirementBenefitPlansForNetGainLossNetOfTax
calculation,item_type,calculation_calculationArc
calculation,order,2
calculation,weight,-1.0
calculation,arcrole,http://www.xbrl.org/2003/arcrole/summation-item
calculation,from,loc_us-gaap_OtherComprehensiveIncomeLossNetOfTax_4042749f-fdfb-497e-830d-39f59bf67938
calculation,to,loc_us-gaap_OtherComprehensiveIncomeLossReclassificationAdjustmentFromAOCIPensionAndOtherPostretirementBenefitPlansForNetGainLossNetOfTax_6df15bed-2505-4390-92d0-1d48613a4578
calculation,type,arc
calculation,item_type,calculation_loc
calculation,type,locator
calculation,label,loc_us-gaap_ComprehensiveIncomeNetOfTax_59e67ab1-9bd3-41b8-97f1-9d3728fb864f
calculation,href,https://xbrl.fasb.org/us-gaap/2021/elts/us-gaap-2021-01-31.xsd#us-gaap_ComprehensiveIncomeNetOfTax
calculation,item_type,calculation_loc
calculation,type,locator
calculation,label,loc_us-gaap_NetIncomeLoss_6bd0e6b0-da5c-457f-800a-765e0c087410
calculation,href,https://xbrl.fasb.org/us-gaap/2021/elts/us-gaap-2021-01-31.xsd#us-gaap_NetIncomeLoss
calculation,item_type,calculation_calculationArc
calculation,order,1
calculation,weight,1.0
calculation,arcrole,http://www.xbrl.org/2003/arcrole/summation-item
calculation,from,loc_us-gaap_ComprehensiveIncomeNetOfTax_59e67ab1-9bd3-41b8-97f1-9d3728fb864f
calculation,to,loc_us-gaap_NetIncomeLoss_6bd0e6b0-da5c-457f-800a-765e0c087410
calculation,type,arc
calculation,item_type,calculation_loc
calculation,type,locator
calculation,label,loc_us-gaap_OtherComprehensiveIncomeLossNetOfTax_77e82707-e0f5-46ca-bd69-187df92a582f
calculation,href,https://xbrl.fasb.org/us-gaap/2021/elts/us-gaap-2021-01-31.xsd#us-gaap_OtherComprehensiveIncomeLossNetOfTax
calculation,item_type,calculation_calculationArc
calculation,order,2
calculation,weight,1.0
calculation,arcrole,http://www.xbrl.org/2003/arcrole/summation-item
calculation,from,loc_us-gaap_ComprehensiveIncomeNetOfTax_59e67ab1-9bd3-41b8-97f1-9d3728fb864f
calculation,to,loc_us-gaap_OtherComprehensiveIncomeLossNetOfTax_77e82707-e0f5-46ca-bd69-187df92a582f
calculation,type,arc
calculation,item_type,calculation_loc
calculation,type,locator
calculation,label,loc_us-gaap_CommonStockSharesOutstanding_02fcd193-efd9-4940-98fa-de3dd56e8c7d
calculation,href,https://xbrl.fasb.org/us-gaap/2021/elts/us-gaap-2021-01-31.xsd#us-gaap_CommonStockSharesOutstanding
calculation,item_type,calculation_loc
calculation,type,locator
calculation,label,loc_us-gaap_CashCashEquivalentsRestrictedCashAndRestrictedCashEquivalentsPeriodIncreaseDecreaseIncludingExchangeRateEffect_4ccfb7e6-0af0-4841-929f-8f1d35344223
calculation,href,https://xbrl.fasb.org/us-gaap/2021/elts/us-gaap-2021-01-31.xsd#us-gaap_CashCashEquivalentsRestrictedCashAndRestrictedCashEquivalentsPeriodIncreaseDecreaseIncludingExchangeRateEffect
calculation,item_type,calculation_loc
calculation,type,locator
calculation,label,loc_us-gaap_NetCashProvidedByUsedInOperatingActivities_3a7a0f69-3faf-4e71-accd-a726dcc154fc
calculation,href,https://xbrl.fasb.org/us-gaap/2021/elts/us-gaap-2021-01-31.xsd#us-gaap_NetCashProvidedByUsedInOperatingActivities
calculation,item_type,calculation_calculationArc
calculation,order,1
calculation,weight,1.0
calculation,arcrole,http://www.xbrl.org/2003/arcrole/summation-item
calculation,from,loc_us-gaap_CashCashEquivalentsRestrictedCashAndRestrictedCashEquivalentsPeriodIncreaseDecreaseIncludingExchangeRateEffect_4ccfb7e6-0af0-4841-929f-8f1d35344223
calculation,to,loc_us-gaap_NetCashProvidedByUsedInOperatingActivities_3a7a0f69-3faf-4e71-accd-a726dcc154fc
calculation,type,arc
calculation,item_type,calculation_loc
calculation,type,locator
calculation,label,loc_us-gaap_NetCashProvidedByUsedInInvestingActivities_1769d3d3-6c5a-41e0-8180-1d1ca8f2a071
calculation,href,https://xbrl.fasb.org/us-gaap/2021/elts/us-gaap-2021-01-31.xsd#us-gaap_NetCashProvidedByUsedInInvestingActivities
calculation,item_type,calculation_calculationArc
calculation,order,2
calculation,weight,1.0
calculation,arcrole,http://www.xbrl.org/2003/arcrole/summation-item
calculation,from,loc_us-gaap_CashCashEquivalentsRestrictedCashAndRestrictedCashEquivalentsPeriodIncreaseDecreaseIncludingExchangeRateEffect_4ccfb7e6-0af0-4841-929f-8f1d35344223
calculation,to,loc_us-gaap_NetCashProvidedByUsedInInvestingActivities_1769d3d3-6c5a-41e0-8180-1d1ca8f2a071
calculation,type,arc
calculation,item_type,calculation_loc
calculation,type,locator
calculation,label,loc_us-gaap_NetCashProvidedByUsedInFinancingActivities_a56f45b7-09b0-4605-8b74-c2e31593c4c2
calculation,href,https://xbrl.fasb.org/us-gaap/2021/elts/us-gaap-2021-01-31.xsd#us-gaap_NetCashProvidedByUsedInFinancingActivities
calculation,item_type,calculation_calculationArc
calculation,order,3
calculation,weight,1.0
calculation,arcrole,http://www.xbrl.org/2003/arcrole/summation-item
calculation,from,loc_us-gaap_CashCashEquivalentsRestrictedCashAndRestrictedCashEquivalentsPeriodIncreaseDecreaseIncludingExchangeRateEffect_4ccfb7e6-0af0-4841-929f-8f1d35344223
calculation,to,loc_us-gaap_NetCashProvidedByUsedInFinancingActivities_a56f45b7-09b0-4605-8b74-c2e31593c4c2
calculation,type,arc
calculation,item_type,calculation_loc
calculation,type,locator
calculation,label,loc_us-gaap_EffectOfExchangeRateOnCashCashEquivalentsRestrictedCashAndRestrictedCashEquivalents_d9d3ed64-35d5-4852-93eb-72f28c48b627
calculation,href,https://xbrl.fasb.org/us-gaap/2021/elts/us-gaap-2021-01-31.xsd#us-gaap_EffectOfExchangeRateOnCashCashEquivalentsRestrictedCashAndRestrictedCashEquivalents
calculation,item_type,calculation_calculationArc
calculation,order,4
calculation,weight,1.0
calculation,arcrole,http://www.xbrl.org/2003/arcrole/summation-item
calculation,from,loc_us-gaap_CashCashEquivalentsRestrictedCashAndRestrictedCashEquivalentsPeriodIncreaseDecreaseIncludingExchangeRateEffect_4ccfb7e6-0af0-4841-929f-8f1d35344223
calculation,to,loc_us-gaap_EffectOfExchangeRateOnCashCashEquivalentsRestrictedCashAndRestrictedCashEquivalents_d9d3ed64-35d5-4852-93eb-72f28c48b627
calculation,type,arc
calculation,item_type,calculation_loc
calculation,type,locator
calculation,label,loc_us-gaap_NetCashProvidedByUsedInInvestingActivities_a5d64d90-e92f-4afc-aa73-896cdedd417c
calculation,href,https://xbrl.fasb.org/us-gaap/2021/elts/us-gaap-2021-01-31.xsd#us-gaap_NetCashProvidedByUsedInInvestingActivities
calculation,item_type,calculation_loc
calculation,type,locator
calculation,label,loc_us-gaap_PaymentsToAcquirePropertyPlantAndEquipment_04422c86-6ea7-43c0-a31f-f4d4eb5a9039
calculation,href,https://xbrl.fasb.org/us-gaap/2021/elts/us-gaap-2021-01-31.xsd#us-gaap_PaymentsToAcquirePropertyPlantAndEquipment
calculation,item_type,calculation_calculationArc
calculation,order,1
calculation,weight,-1.0
calculation,arcrole,http://www.xbrl.org/2003/arcrole/summation-item
calculation,from,loc_us-gaap_NetCashProvidedByUsedInInvestingActivities_a5d64d90-e92f-4afc-aa73-896cdedd417c
calculation,to,loc_us-gaap_PaymentsToAcquirePropertyPlantAndEquipment_04422c86-6ea7-43c0-a31f-f4d4eb5a9039
calculation,type,arc
calculation,item_type,calculation_loc
calculation,type,locator
calculation,label,loc_us-gaap_PaymentsToAcquireBusinessesNetOfCashAcquired_c0e9c0a8-475b-42fc-ac50-814bb20295c3
calculation,href,https://xbrl.fasb.org/us-gaap/2021/elts/us-gaap-2021-01-31.xsd#us-gaap_PaymentsToAcquireBusinessesNetOfCashAcquired
calculation,item_type,calculation_calculationArc
calculation,order,2
calculation,weight,-1.0
calculation,arcrole,http://www.xbrl.org/2003/arcrole/summation-item
calculation,from,loc_us-gaap_NetCashProvidedByUsedInInvestingActivities_a5d64d90-e92f-4afc-aa73-896cdedd417c
calculation,to,loc_us-gaap_PaymentsToAcquireBusinessesNetOfCashAcquired_c0e9c0a8-475b-42fc-ac50-814bb20295c3
calculation,type,arc
calculation,item_type,calculation_loc
calculation,type,locator
calculation,label,loc_us-gaap_PaymentsForProceedsFromOtherInvestingActivities_a0739229-d6fe-4b73-b4b2-e6027b656e00
calculation,href,https://xbrl.fasb.org/us-gaap/2021/elts/us-gaap-2021-01-31.xsd#us-gaap_PaymentsForProceedsFromOtherInvestingActivities
calculation,item_type,calculation_calculationArc
calculation,order,3
calculation,weight,-1.0
calculation,arcrole,http://www.xbrl.org/2003/arcrole/summation-item
calculation,from,loc_us-gaap_NetCashProvidedByUsedInInvestingActivities_a5d64d90-e92f-4afc-aa73-896cdedd417c
calculation,to,loc_us-gaap_PaymentsForProceedsFromOtherInvestingActivities_a0739229-d6fe-4b73-b4b2-e6027b656e00
calculation,type,arc
calculation,item_type,calculation_loc
calculation,type,locator
calculation,label,loc_us-gaap_NetCashProvidedByUsedInOperatingActivities_a948e5a8-29da-44d6-b301-98961966149d
calculation,href,https://xbrl.fasb.org/us-gaap/2021/elts/us-gaap-2021-01-31.xsd#us-gaap_NetCashProvidedByUsedInOperatingActivities
calculation,item_type,calculation_loc
calculation,type,locator
calculation,label,loc_us-gaap_NetIncomeLoss_c4d211b3-acb8-454b-9b29-b7108d485789
calculation,href,https://xbrl.fasb.org/us-gaap/2021/elts/us-gaap-2021-01-31.xsd#us-gaap_NetIncomeLoss
calculation,item_type,calculation_calculationArc
calculation,order,1
calculation,weight,1.0
calculation,arcrole,http://www.xbrl.org/2003/arcrole/summation-item
calculation,from,loc_us-gaap_NetCashProvidedByUsedInOperatingActivities_a948e5a8-29da-44d6-b301-98961966149d
calculation,to,loc_us-gaap_NetIncomeLoss_c4d211b3-acb8-454b-9b29-b7108d485789
calculation,type,arc
calculation,item_type,calculation_loc
calculation,type,locator
calculation,label,loc_us-gaap_Depreciation_84fb4f90-240d-4c08-8f0f-3768d5b23320
calculation,href,https://xbrl.fasb.org/us-gaap/2021/elts/us-gaap-2021-01-31.xsd#us-gaap_Depreciation
calculation,item_type,calculation_calculationArc
calculation,order,2
calculation,weight,1.0
calculation,arcrole,http://www.xbrl.org/2003/arcrole/summation-item
calculation,from,loc_us-gaap_NetCashProvidedByUsedInOperatingActivities_a948e5a8-29da-44d6-b301-98961966149d
calculation,to,loc_us-gaap_Depreciation_84fb4f90-240d-4c08-8f0f-3768d5b23320
calculation,type,arc
calculation,item_type,calculation_loc
calculation,type,locator
calculation,label,loc_us-gaap_AmortizationOfIntangibleAssets_c32c6625-6b0f-433a-8e10-a0235c2f716c
calculation,href,https://xbrl.fasb.org/us-gaap/2021/elts/us-gaap-2021-01-31.xsd#us-gaap_AmortizationOfIntangibleAssets
calculation,item_type,calculation_calculationArc
calculation,order,3
calculation,weight,1.0
calculation,arcrole,http://www.xbrl.org/2003/arcrole/summation-item
calculation,from,loc_us-gaap_NetCashProvidedByUsedInOperatingActivities_a948e5a8-29da-44d6-b301-98961966149d
calculation,to,loc_us-gaap_AmortizationOfIntangibleAssets_c32c6625-6b0f-433a-8e10-a0235c2f716c
calculation,type,arc
calculation,item_type,calculation_loc
calculation,type,locator
calculation,label,loc_us-gaap_DeferredIncomeTaxExpenseBenefit_6f848c24-0bd9-4119-afa6-2b530125401d
calculation,href,https://xbrl.fasb.org/us-gaap/2021/elts/us-gaap-2021-01-31.xsd#us-gaap_DeferredIncomeTaxExpenseBenefit
calculation,item_type,calculation_calculationArc
calculation,order,4
calculation,weight,1.0
calculation,arcrole,http://www.xbrl.org/2003/arcrole/summation-item
calculation,from,loc_us-gaap_NetCashProvidedByUsedInOperatingActivities_a948e5a8-29da-44d6-b301-98961966149d
calculation,to,loc_us-gaap_DeferredIncomeTaxExpenseBenefit_6f848c24-0bd9-4119-afa6-2b530125401d
calculation,type,arc
calculation,item_type,calculation_loc
calculation,type,locator
calculation,label,loc_us-gaap_ShareBasedCompensation_d2034dc7-70fe-4289-abca-b5cb482c5328
calculation,href,https://xbrl.fasb.org/us-gaap/2021/elts/us-gaap-2021-01-31.xsd#us-gaap_ShareBasedCompensation
calculation,item_type,calculation_calculationArc
calculation,order,5
calculation,weight,1.0
calculation,arcrole,http://www.xbrl.org/2003/arcrole/summation-item
calculation,from,loc_us-gaap_NetCashProvidedByUsedInOperatingActivities_a948e5a8-29da-44d6-b301-98961966149d
calculation,to,loc_us-gaap_ShareBasedCompensation_d2034dc7-70fe-4289-abca-b5cb482c5328
calculation,type,arc
calculation,item_type,calculation_loc
calculation,type,locator
calculation,label,loc_us-gaap_OtherOperatingActivitiesCashFlowStatement_2e989142-9383-44c3-a11b-882aa48398aa
calculation,href,https://xbrl.fasb.org/us-gaap/2021/elts/us-gaap-2021-01-31.xsd#us-gaap_OtherOperatingActivitiesCashFlowStatement
calculation,item_type,calculation_calculationArc
calculation,order,6
calculation,weight,1.0
calculation,arcrole,http://www.xbrl.org/2003/arcrole/summation-item
calculation,from,loc_us-gaap_NetCashProvidedByUsedInOperatingActivities_a948e5a8-29da-44d6-b301-98961966149d
calculation,to,loc_us-gaap_OtherOperatingActivitiesCashFlowStatement_2e989142-9383-44c3-a11b-882aa48398aa
calculation,type,arc
calculation,item_type,calculation_loc
calculation,type,locator
calculation,label,loc_us-gaap_IncreaseDecreaseInAccountsReceivable_4235651d-5102-428d-9582-77297f601ade
calculation,href,https://xbrl.fasb.org/us-gaap/2021/elts/us-gaap-2021-01-31.xsd#us-gaap_IncreaseDecreaseInAccountsReceivable
calculation,item_type,calculation_calculationArc
calculation,order,7
calculation,weight,-1.0
calculation,arcrole,http://www.xbrl.org/2003/arcrole/summation-item
calculation,from,loc_us-gaap_NetCashProvidedByUsedInOperatingActivities_a948e5a8-29da-44d6-b301-98961966149d
calculation,to,loc_us-gaap_IncreaseDecreaseInAccountsReceivable_4235651d-5102-428d-9582-77297f601ade
calculation,type,arc
calculation,item_type,calculation_loc
calculation,type,locator
calculation,label,loc_us-gaap_IncreaseDecreaseInInventories_0e56dc87-0fe2-4ca2-a177-b294e0f421a0
calculation,href,https://xbrl.fasb.org/us-gaap/2021/elts/us-gaap-2021-01-31.xsd#us-gaap_IncreaseDecreaseInInventories
calculation,item_type,calculation_calculationArc
calculation,order,8
calculation,weight,-1.0
calculation,arcrole,http://www.xbrl.org/2003/arcrole/summation-item
calculation,from,loc_us-gaap_NetCashProvidedByUsedInOperatingActivities_a948e5a8-29da-44d6-b301-98961966149d
calculation,to,loc_us-gaap_IncreaseDecreaseInInventories_0e56dc87-0fe2-4ca2-a177-b294e0f421a0
calculation,type,arc
calculation,item_type,calculation_loc
calculation,type,locator
calculation,label,loc_us-gaap_IncreaseDecreaseInPrepaidDeferredExpenseAndOtherAssets_258785da-6797-4bc9-81b6-637af7a7bdd8
calculation,href,https://xbrl.fasb.org/us-gaap/2021/elts/us-gaap-2021-01-31.xsd#us-gaap_IncreaseDecreaseInPrepaidDeferredExpenseAndOtherAssets
calculation,item_type,calculation_calculationArc
calculation,order,9
calculation,weight,-1.0
calculation,arcrole,http://www.xbrl.org/2003/arcrole/summation-item
calculation,from,loc_us-gaap_NetCashProvidedByUsedInOperatingActivities_a948e5a8-29da-44d6-b301-98961966149d
calculation,to,loc_us-gaap_IncreaseDecreaseInPrepaidDeferredExpenseAndOtherAssets_258785da-6797-4bc9-81b6-637af7a7bdd8
calculation,type,arc
calculation,item_type,calculation_loc
calculation,type,locator
calculation,label,loc_us-gaap_IncreaseDecreaseInAccountsPayableAndAccruedLiabilities_32487611-1661-4e1f-8552-e5cb9565f4e7
calculation,href,https://xbrl.fasb.org/us-gaap/2021/elts/us-gaap-2021-01-31.xsd#us-gaap_IncreaseDecreaseInAccountsPayableAndAccruedLiabilities
calculation,item_type,calculation_calculationArc
calculation,order,10
calculation,weight,1.0
calculation,arcrole,http://www.xbrl.org/2003/arcrole/summation-item
calculation,from,loc_us-gaap_NetCashProvidedByUsedInOperatingActivities_a948e5a8-29da-44d6-b301-98961966149d
calculation,to,loc_us-gaap_IncreaseDecreaseInAccountsPayableAndAccruedLiabilities_32487611-1661-4e1f-8552-e5cb9565f4e7
calculation,type,arc
calculation,item_type,calculation_loc
calculation,type,locator
calculation,label,loc_us-gaap_IncreaseDecreaseInAccruedIncomeTaxesPayable_907b3ce0-12d1-4e04-8e13-4d7a466bb648
calculation,href,https://xbrl.fasb.org/us-gaap/2021/elts/us-gaap-2021-01-31.xsd#us-gaap_IncreaseDecreaseInAccruedIncomeTaxesPayable
calculation,item_type,calculation_calculationArc
calculation,order,11
calculation,weight,1.0
calculation,arcrole,http://www.xbrl.org/2003/arcrole/summation-item
calculation,from,loc_us-gaap_NetCashProvidedByUsedInOperatingActivities_a948e5a8-29da-44d6-b301-98961966149d
calculation,to,loc_us-gaap_IncreaseDecreaseInAccruedIncomeTaxesPayable_907b3ce0-12d1-4e04-8e13-4d7a466bb648
calculation,type,arc
calculation,item_type,calculation_loc
calculation,type,locator
calculation,label,loc_us-gaap_IncreaseDecreaseInOtherOperatingLiabilities_fa99d981-1e5d-4423-89bc-74b05d25da06
calculation,href,https://xbrl.fasb.org/us-gaap/2021/elts/us-gaap-2021-01-31.xsd#us-gaap_IncreaseDecreaseInOtherOperatingLiabilities
calculation,item_type,calculation_calculationArc
calculation,order,12
calculation,weight,1.0
calculation,arcrole,http://www.xbrl.org/2003/arcrole/summation-item
calculation,from,loc_us-gaap_NetCashProvidedByUsedInOperatingActivities_a948e5a8-29da-44d6-b301-98961966149d
calculation,to,loc_us-gaap_IncreaseDecreaseInOtherOperatingLiabilities_fa99d981-1e5d-4423-89bc-74b05d25da06
calculation,type,arc
calculation,item_type,calculation_loc
calculation,type,locator
calculation,label,loc_us-gaap_InventoryNet_53ecd916-6064-45da-ab54-be72afc368b2
calculation,href,https://xbrl.fasb.org/us-gaap/2021/elts/us-gaap-2021-01-31.xsd#us-gaap_InventoryNet
calculation,item_type,calculation_loc
calculation,type,locator
calculation,label,loc_us-gaap_InventoryRawMaterialsNetOfReserves_91da036c-ab62-4cd1-9068-eae5aa33dce9
calculation,href,https://xbrl.fasb.org/us-gaap/2021/elts/us-gaap-2021-01-31.xsd#us-gaap_InventoryRawMaterialsNetOfReserves
calculation,item_type,calculation_calculationArc
calculation,order,1
calculation,weight,1.0
calculation,arcrole,http://www.xbrl.org/2003/arcrole/summation-item
calculation,from,loc_us-gaap_InventoryNet_53ecd916-6064-45da-ab54-be72afc368b2
calculation,to,loc_us-gaap_InventoryRawMaterialsNetOfReserves_91da036c-ab62-4cd1-9068-eae5aa33dce9
calculation,type,arc
calculation,item_type,calculation_loc
calculation,type,locator
calculation,label,loc_us-gaap_InventoryWorkInProcessNetOfReserves_e4678365-5623-4f77-8078-51aca3282f6b
calculation,href,https://xbrl.fasb.org/us-gaap/2021/elts/us-gaap-2021-01-31.xsd#us-gaap_InventoryWorkInProcessNetOfReserves
calculation,item_type,calculation_calculationArc
calculation,order,2
calculation,weight,1.0
calculation,arcrole,http://www.xbrl.org/2003/arcrole/summation-item
calculation,from,loc_us-gaap_InventoryNet_53ecd916-6064-45da-ab54-be72afc368b2
calculation,to,loc_us-gaap_InventoryWorkInProcessNetOfReserves_e4678365-5623-4f77-8078-51aca3282f6b
calculation,type,arc
calculation,item_type,calculation_loc
calculation,type,locator
calculation,label,loc_us-gaap_InventoryFinishedGoodsNetOfReserves_b5bc0efd-765c-464b-b424-b8fb51255ffa
calculation,href,https://xbrl.fasb.org/us-gaap/2021/elts/us-gaap-2021-01-31.xsd#us-gaap_InventoryFinishedGoodsNetOfReserves
calculation,item_type,calculation_calculationArc
calculation,order,3
calculation,weight,1.0
calculation,arcrole,http://www.xbrl.org/2003/arcrole/summation-item
calculation,from,loc_us-gaap_InventoryNet_53ecd916-6064-45da-ab54-be72afc368b2
calculation,to,loc_us-gaap_InventoryFinishedGoodsNetOfReserves_b5bc0efd-765c-464b-b424-b8fb51255ffa
calculation,type,arc
calculation,item_type,calculation_loc
calculation,type,locator
calculation,label,loc_us-gaap_WeightedAverageNumberOfDilutedSharesOutstanding_207d3981-d640-49ec-8b3f-52135fbf78e8
calculation,href,https://xbrl.fasb.org/us-gaap/2021/elts/us-gaap-2021-01-31.xsd#us-gaap_WeightedAverageNumberOfDilutedSharesOutstanding
calculation,item_type,calculation_loc
calculation,type,locator
calculation,label,loc_us-gaap_WeightedAverageNumberOfSharesOutstandingBasic_536c9a24-023d-4500-b6be-7520f646fb15
calculation,href,https://xbrl.fasb.org/us-gaap/2021/elts/us-gaap-2021-01-31.xsd#us-gaap_WeightedAverageNumberOfSharesOutstandingBasic
calculation,item_type,calculation_calculationArc
calculation,order,1
calculation,weight,1.0
calculation,arcrole,http://www.xbrl.org/2003/arcrole/summation-item
calculation,from,loc_us-gaap_WeightedAverageNumberOfDilutedSharesOutstanding_207d3981-d640-49ec-8b3f-52135fbf78e8
calculation,to,loc_us-gaap_WeightedAverageNumberOfSharesOutstandingBasic_536c9a24-023d-4500-b6be-7520f646fb15
calculation,type,arc
calculation,item_type,calculation_loc
calculation,type,locator
calculation,label,loc_us-gaap_IncrementalCommonSharesAttributableToShareBasedPaymentArrangements_8e3618c4-97ba-44ed-bcd9-e8bf9b73d617
calculation,href,https://xbrl.fasb.org/us-gaap/2021/elts/us-gaap-2021-01-31.xsd#us-gaap_IncrementalCommonSharesAttributableToShareBasedPaymentArrangements
calculation,item_type,calculation_calculationArc
calculation,order,2
calculation,weight,1.0
calculation,arcrole,http://www.xbrl.org/2003/arcrole/summation-item
calculation,from,loc_us-gaap_WeightedAverageNumberOfDilutedSharesOutstanding_207d3981-d640-49ec-8b3f-52135fbf78e8
calculation,to,loc_us-gaap_IncrementalCommonSharesAttributableToShareBasedPaymentArrangements_8e3618c4-97ba-44ed-bcd9-e8bf9b73d617
calculation,type,arc
